round,race,track,posterfile,thumbfile,bannerfile,squarefile,posterback,posterlogo,thumbback,squarelogo,tracklogo
0,NASCAR Clash at Bowman Gray,BOWMAN GRAY STADIUM,C:\ArtGen\Artwork\Exports\Round.00.Clash.At.Bowman.Gray-poster.jpg,C:\ArtGen\Artwork\Exports\Round.00.Clash.At.Bowman.Gray-thumb.jpg,C:\ArtGen\Artwork\Exports\Round.00.Clash.At.Bowman.Gray-banner.jpg,C:\ArtGen\Artwork\Exports\Round.00.Clash.At.Bowman.Gray-square.jpg,C:\ArtGen\Artwork\Template\Poster\Backgrounds\Clash-00.png,C:\ArtGen\Artwork\Template\Poster\Race Logo\00-00.png,C:\ArtGen\Artwork\Template\Thumbnail\Backgrounds\Clash-00.png,C:\ArtGen\Artwork\Template\Square\Race Logos\00-00.png,C:\ArtGen\Artwork\Template\Banner\Track Logo\bowmangray.png
0,Duel 1 at Daytona,DAYTONA,C:\ArtGen\Artwork\Exports\Round.00.Duel.1.at.Daytona-poster.jpg,C:\ArtGen\Artwork\Exports\Round.00.Duel.1.at.Daytona-thumb.jpg,C:\ArtGen\Artwork\Exports\Round.00.Duel.1.at.Daytona-banner.jpg,C:\ArtGen\Artwork\Exports\Round.00.Duel.1.at.Daytona-square.jpg,C:\ArtGen\Artwork\Template\Poster\Backgrounds\Daytona-00.png,C:\ArtGen\Artwork\Template\Poster\Race Logo\00-01.png,C:\ArtGen\Artwork\Template\Thumbnail\Backgrounds\Daytona-00.png,C:\ArtGen\Artwork\Template\Square\Race Logos\00-01.png,C:\ArtGen\Artwork\Template\Banner\Track Logo\daytona.png
0,Duel 2 at Daytona,DAYTONA,C:\ArtGen\Artwork\Exports\Round.00.Duel.2.at.Daytona-poster.jpg,C:\ArtGen\Artwork\Exports\Round.00.Duel.2.at.Daytona-thumb.jpg,C:\ArtGen\Artwork\Exports\Round.00.Duel.2.at.Daytona-banner.jpg,C:\ArtGen\Artwork\Exports\Round.00.Duel.2.at.Daytona-square.jpg,C:\ArtGen\Artwork\Template\Poster\Backgrounds\Daytona-00.png,C:\ArtGen\Artwork\Template\Poster\Race Logo\00-01.png,C:\ArtGen\Artwork\Template\Thumbnail\Backgrounds\Daytona-01.png,C:\ArtGen\Artwork\Template\Square\Race Logos\00-01.png,C:\ArtGen\Artwork\Template\Banner\Track Logo\daytona.png
0,All-Star Open,NORTH WILKESBORO,C:\ArtGen\Artwork\Exports\Round.00.All-Star.Open-poster.jpg,C:\ArtGen\Artwork\Exports\Round.00.All-Star.Open-thumb.jpg,C:\ArtGen\Artwork\Exports\Round.00.All-Star.Open-banner.jpg,C:\ArtGen\Artwork\Exports\Round.00.All-Star.Open-square.jpg,C:\ArtGen\Artwork\Template\Poster\Backgrounds\Allstar-02.png,C:\ArtGen\Artwork\Template\Poster\Race Logo\00-02.png,C:\ArtGen\Artwork\Template\Thumbnail\Backgrounds\Allstar-02.png,C:\ArtGen\Artwork\Template\Square\Race Logos\00-02.png,C:\ArtGen\Artwork\Template\Banner\Track Logo\northwilkesboro.png
0,All-Star Race,NORTH WILKESBORO,C:\ArtGen\Artwork\Exports\Round.00.All-Star.Race-poster.jpg,C:\ArtGen\Artwork\Exports\Round.00.All-Star.Race-thumb.jpg,C:\ArtGen\Artwork\Exports\Round.00.All-Star.Race-banner.jpg,C:\ArtGen\Artwork\Exports\Round.00.All-Star.Race-square.jpg,C:\ArtGen\Artwork\Template\Poster\Backgrounds\Allstar-03.png,C:\ArtGen\Artwork\Template\Poster\Race Logo\00-03.png,C:\ArtGen\Artwork\Template\Thumbnail\Backgrounds\Allstar-03.png,C:\ArtGen\Artwork\Template\Square\Race Logos\00-03.png,C:\ArtGen\Artwork\Template\Banner\Track Logo\northwilkesboro.png
1,Daytona 500,DAYTONA,C:\ArtGen\Artwork\Exports\Round.01.Daytona-poster.jpg,C:\ArtGen\Artwork\Exports\Round.01.Daytona-thumb.jpg,C:\ArtGen\Artwork\Exports\Round.01.Daytona-banner.jpg,C:\ArtGen\Artwork\Exports\Round.01.Daytona-square.jpg,C:\ArtGen\Artwork\Template\Poster\Backgrounds\Daytona-01.png,C:\ArtGen\Artwork\Template\Poster\Race Logo\01-00.png,C:\ArtGen\Artwork\Template\Thumbnail\Backgrounds\Daytona-02.png,C:\ArtGen\Artwork\Template\Square\Race Logos\01-00.png,C:\ArtGen\Artwork\Template\Banner\Track Logo\daytona.png
2,Ambetter Health 400,ATLANTA,C:\ArtGen\Artwork\Exports\Round.02.Atlanta-poster.jpg,C:\ArtGen\Artwork\Exports\Round.02.Atlanta-thumb.jpg,C:\ArtGen\Artwork\Exports\Round.02.Atlanta-banner.jpg,C:\ArtGen\Artwork\Exports\Round.02.Atlanta-square.jpg,C:\ArtGen\Artwork\Template\Poster\Backgrounds\Atlanta-00.png,C:\ArtGen\Artwork\Template\Poster\Race Logo\02-00.png,C:\ArtGen\Artwork\Template\Thumbnail\Backgrounds\Atlanta-00.png,C:\ArtGen\Artwork\Template\Square\Race Logos\02-00.png,C:\ArtGen\Artwork\Template\Banner\Track Logo\atlanta.png
3,Echopark Automotive Grand Prix,COTA,C:\ArtGen\Artwork\Exports\Round.03.COTA-poster.jpg,C:\ArtGen\Artwork\Exports\Round.03.COTA-thumb.jpg,C:\ArtGen\Artwork\Exports\Round.03.COTA-banner.jpg,C:\ArtGen\Artwork\Exports\Round.03.COTA-square.jpg,C:\ArtGen\Artwork\Template\Poster\Backgrounds\Cota-00.png,C:\ArtGen\Artwork\Template\Poster\Race Logo\03-00.png,C:\ArtGen\Artwork\Template\Thumbnail\Backgrounds\Cota-00.png,C:\ArtGen\Artwork\Template\Square\Race Logos\03-00.png,C:\ArtGen\Artwork\Template\Banner\Track Logo\cota.png
4,Shriners Children's 500,PHOENIX,C:\ArtGen\Artwork\Exports\Round.04.Phoenix-poster.jpg,C:\ArtGen\Artwork\Exports\Round.04.Phoenix-thumb.jpg,C:\ArtGen\Artwork\Exports\Round.04.Phoenix-banner.jpg,C:\ArtGen\Artwork\Exports\Round.04.Phoenix-square.jpg,C:\ArtGen\Artwork\Template\Poster\Backgrounds\Phoenix-00.png,C:\ArtGen\Artwork\Template\Poster\Race Logo\04-00.png,C:\ArtGen\Artwork\Template\Thumbnail\Backgrounds\Phoenix-00.png,C:\ArtGen\Artwork\Template\Square\Race Logos\04-00.png,C:\ArtGen\Artwork\Template\Banner\Track Logo\phoenix.png
5,Pennzoil 400,LAS VEGAS,C:\ArtGen\Artwork\Exports\Round.05.Las.Vegas-poster.jpg,C:\ArtGen\Artwork\Exports\Round.05.Las.Vegas-thumb.jpg,C:\ArtGen\Artwork\Exports\Round.05.Las.Vegas-banner.jpg,C:\ArtGen\Artwork\Exports\Round.05.Las.Vegas-square.jpg,C:\ArtGen\Artwork\Template\Poster\Backgrounds\Lasvegas-00.png,C:\ArtGen\Artwork\Template\Poster\Race Logo\05-00.png,C:\ArtGen\Artwork\Template\Thumbnail\Backgrounds\Lasvegas-00.png,C:\ArtGen\Artwork\Template\Square\Race Logos\05-00.png,C:\ArtGen\Artwork\Template\Banner\Track Logo\lasvegas.png
6,Straight Talk Wireless 400,HOMESTEAD-MIAMI,C:\ArtGen\Artwork\Exports\Round.06.Homestead-poster.jpg,C:\ArtGen\Artwork\Exports\Round.06.Homestead-thumb.jpg,C:\ArtGen\Artwork\Exports\Round.06.Homestead-banner.jpg,C:\ArtGen\Artwork\Exports\Round.06.Homestead-square.jpg,C:\ArtGen\Artwork\Template\Poster\Backgrounds\Homestead-00.png,C:\ArtGen\Artwork\Template\Poster\Race Logo\06-00.png,C:\ArtGen\Artwork\Template\Thumbnail\Backgrounds\Homestead-00.png,C:\ArtGen\Artwork\Template\Square\Race Logos\06-00.png,C:\ArtGen\Artwork\Template\Banner\Track Logo\homestead.png
7,Cook Out 400,MARTINSVILLE,C:\ArtGen\Artwork\Exports\Round.07.Martinsville-poster.jpg,C:\ArtGen\Artwork\Exports\Round.07.Martinsville-thumb.jpg,C:\ArtGen\Artwork\Exports\Round.07.Martinsville-banner.jpg,C:\ArtGen\Artwork\Exports\Round.07.Martinsville-square.jpg,C:\ArtGen\Artwork\Template\Poster\Backgrounds\Martinsville-00.png,C:\ArtGen\Artwork\Template\Poster\Race Logo\07-00.png,C:\ArtGen\Artwork\Template\Thumbnail\Backgrounds\Martinsville-00.png,C:\ArtGen\Artwork\Template\Square\Race Logos\07-00.png,C:\ArtGen\Artwork\Template\Banner\Track Logo\martinsville.png
8,Goodyear 400,DARLINGTON,C:\ArtGen\Artwork\Exports\Round.08.Darlington-poster.jpg,C:\ArtGen\Artwork\Exports\Round.08.Darlington-thumb.jpg,C:\ArtGen\Artwork\Exports\Round.08.Darlington-banner.jpg,C:\ArtGen\Artwork\Exports\Round.08.Darlington-square.jpg,C:\ArtGen\Artwork\Template\Poster\Backgrounds\Darlington-00.png,C:\ArtGen\Artwork\Template\Poster\Race Logo\08-00.png,C:\ArtGen\Artwork\Template\Thumbnail\Backgrounds\Darlington-00.png,C:\ArtGen\Artwork\Template\Square\Race Logos\08-00.png,C:\ArtGen\Artwork\Template\Banner\Track Logo\darlington.png
9,Food City 500,BRISTOL,C:\ArtGen\Artwork\Exports\Round.09.Bristol-poster.jpg,C:\ArtGen\Artwork\Exports\Round.09.Bristol-thumb.jpg,C:\ArtGen\Artwork\Exports\Round.09.Bristol-banner.jpg,C:\ArtGen\Artwork\Exports\Round.09.Bristol-square.jpg,C:\ArtGen\Artwork\Template\Poster\Backgrounds\Bristol-00.png,C:\ArtGen\Artwork\Template\Poster\Race Logo\09-00.png,C:\ArtGen\Artwork\Template\Thumbnail\Backgrounds\Bristol-00.png,C:\ArtGen\Artwork\Template\Square\Race Logos\09-00.png,C:\ArtGen\Artwork\Template\Banner\Track Logo\bristol.png
10,Jack Link's 500,TALLADEGA,C:\ArtGen\Artwork\Exports\Round.10.Talladega-poster.jpg,C:\ArtGen\Artwork\Exports\Round.10.Talladega-thumb.jpg,C:\ArtGen\Artwork\Exports\Round.10.Talladega-banner.jpg,C:\ArtGen\Artwork\Exports\Round.10.Talladega-square.jpg,C:\ArtGen\Artwork\Template\Poster\Backgrounds\Talladega-00.png,C:\ArtGen\Artwork\Template\Poster\Race Logo\10-00.png,C:\ArtGen\Artwork\Template\Thumbnail\Backgrounds\Talladega-00.png,C:\ArtGen\Artwork\Template\Square\Race Logos\10-00.png,C:\ArtGen\Artwork\Template\Banner\Track Logo\talladega.png
11,Würth 400 Pres. by LIQUI MOLY,TEXAS,C:\ArtGen\Artwork\Exports\Round.11.Texas-poster.jpg,C:\ArtGen\Artwork\Exports\Round.11.Texas-thumb.jpg,C:\ArtGen\Artwork\Exports\Round.11.Texas-banner.jpg,C:\ArtGen\Artwork\Exports\Round.11.Texas-square.jpg,C:\ArtGen\Artwork\Template\Poster\Backgrounds\Texas-00.png,C:\ArtGen\Artwork\Template\Poster\Race Logo\11-00.png,C:\ArtGen\Artwork\Template\Thumbnail\Backgrounds\Texas-00.png,C:\ArtGen\Artwork\Template\Square\Race Logos\11-00.png,C:\ArtGen\Artwork\Template\Banner\Track Logo\texas.png
12,AdventHealth 400,KANSAS,C:\ArtGen\Artwork\Exports\Round.12.Kansas-poster.jpg,C:\ArtGen\Artwork\Exports\Round.12.Kansas-thumb.jpg,C:\ArtGen\Artwork\Exports\Round.12.Kansas-banner.jpg,C:\ArtGen\Artwork\Exports\Round.12.Kansas-square.jpg,C:\ArtGen\Artwork\Template\Poster\Backgrounds\Kansas-00.png,C:\ArtGen\Artwork\Template\Poster\Race Logo\12-00.png,C:\ArtGen\Artwork\Template\Thumbnail\Backgrounds\Kansas-00.png,C:\ArtGen\Artwork\Template\Square\Race Logos\12-00.png,C:\ArtGen\Artwork\Template\Banner\Track Logo\kansas.png
13,Coca-Cola 600,CHARLOTTE,C:\ArtGen\Artwork\Exports\Round.13.Charlotte-poster.jpg,C:\ArtGen\Artwork\Exports\Round.13.Charlotte-thumb.jpg,C:\ArtGen\Artwork\Exports\Round.13.Charlotte-banner.jpg,C:\ArtGen\Artwork\Exports\Round.13.Charlotte-square.jpg,C:\ArtGen\Artwork\Template\Poster\Backgrounds\Charlotte-00.png,C:\ArtGen\Artwork\Template\Poster\Race Logo\13-00.png,C:\ArtGen\Artwork\Template\Thumbnail\Backgrounds\Charlotte-00.png,C:\ArtGen\Artwork\Template\Square\Race Logos\13-00.png,C:\ArtGen\Artwork\Template\Banner\Track Logo\charlotte.png
14,Ally 400,NASHVILLE,C:\ArtGen\Artwork\Exports\Round.14.Nashville-poster.jpg,C:\ArtGen\Artwork\Exports\Round.14.Nashville-thumb.jpg,C:\ArtGen\Artwork\Exports\Round.14.Nashville-banner.jpg,C:\ArtGen\Artwork\Exports\Round.14.Nashville-square.jpg,C:\ArtGen\Artwork\Template\Poster\Backgrounds\Nashville-00.png,C:\ArtGen\Artwork\Template\Poster\Race Logo\14-00.png,C:\ArtGen\Artwork\Template\Thumbnail\Backgrounds\Nashville-00.png,C:\ArtGen\Artwork\Template\Square\Race Logos\14-00.png,C:\ArtGen\Artwork\Template\Banner\Track Logo\nashville.png
15,Firekeepers Casino 400,MICHIGAN,C:\ArtGen\Artwork\Exports\Round.15.Michigan-poster.jpg,C:\ArtGen\Artwork\Exports\Round.15.Michigan-thumb.jpg,C:\ArtGen\Artwork\Exports\Round.15.Michigan-banner.jpg,C:\ArtGen\Artwork\Exports\Round.15.Michigan-square.jpg,C:\ArtGen\Artwork\Template\Poster\Backgrounds\Michigan-00.png,C:\ArtGen\Artwork\Template\Poster\Race Logo\15-00.png,C:\ArtGen\Artwork\Template\Thumbnail\Backgrounds\Michigan-00.png,C:\ArtGen\Artwork\Template\Square\Race Logos\15-00.png,C:\ArtGen\Artwork\Template\Banner\Track Logo\michigan.png
16,Mexico Weekend,MEXICO CITY,C:\ArtGen\Artwork\Exports\Round.16.Mexico-poster.jpg,C:\ArtGen\Artwork\Exports\Round.16.Mexico-thumb.jpg,C:\ArtGen\Artwork\Exports\Round.16.Mexico-banner.jpg,C:\ArtGen\Artwork\Exports\Round.16.Mexico-square.jpg,C:\ArtGen\Artwork\Template\Poster\Backgrounds\Mexico-00.png,C:\ArtGen\Artwork\Template\Poster\Race Logo\16-00.png,C:\ArtGen\Artwork\Template\Thumbnail\Backgrounds\Mexico-00.png,C:\ArtGen\Artwork\Template\Square\Race Logos\16-00.png,C:\ArtGen\Artwork\Template\Banner\Track Logo\mexico.png
17,Great American Getaway 400,POCONO,C:\ArtGen\Artwork\Exports\Round.17.Pocono-poster.jpg,C:\ArtGen\Artwork\Exports\Round.17.Pocono-thumb.jpg,C:\ArtGen\Artwork\Exports\Round.17.Pocono-banner.jpg,C:\ArtGen\Artwork\Exports\Round.17.Pocono-square.jpg,C:\ArtGen\Artwork\Template\Poster\Backgrounds\Pocono-00.png,C:\ArtGen\Artwork\Template\Poster\Race Logo\17-00.png,C:\ArtGen\Artwork\Template\Thumbnail\Backgrounds\Pocono-00.png,C:\ArtGen\Artwork\Template\Square\Race Logos\17-00.png,C:\ArtGen\Artwork\Template\Banner\Track Logo\pocono.png
18,Quaker State 400,ATLANTA,C:\ArtGen\Artwork\Exports\Round.18.Atlanta-poster.jpg,C:\ArtGen\Artwork\Exports\Round.18.Atlanta-thumb.jpg,C:\ArtGen\Artwork\Exports\Round.18.Atlanta-banner.jpg,C:\ArtGen\Artwork\Exports\Round.18.Atlanta-square.jpg,C:\ArtGen\Artwork\Template\Poster\Backgrounds\Atlanta-01.png,C:\ArtGen\Artwork\Template\Poster\Race Logo\18-00.png,C:\ArtGen\Artwork\Template\Thumbnail\Backgrounds\Atlanta-01.png,C:\ArtGen\Artwork\Template\Square\Race Logos\18-00.png,C:\ArtGen\Artwork\Template\Banner\Track Logo\atlanta.png
19,Grant Park 165,CHICAGO,C:\ArtGen\Artwork\Exports\Round.19.Chicago-poster.jpg,C:\ArtGen\Artwork\Exports\Round.19.Chicago-thumb.jpg,C:\ArtGen\Artwork\Exports\Round.19.Chicago-banner.jpg,C:\ArtGen\Artwork\Exports\Round.19.Chicago-square.jpg,C:\ArtGen\Artwork\Template\Poster\Backgrounds\Chicago-00.png,C:\ArtGen\Artwork\Template\Poster\Race Logo\19-00.png,C:\ArtGen\Artwork\Template\Thumbnail\Backgrounds\Chicago-00.png,C:\ArtGen\Artwork\Template\Square\Race Logos\19-00.png,C:\ArtGen\Artwork\Template\Banner\Track Logo\chicago.png
20,Toyota / Save Mart 350,SONOMA,C:\ArtGen\Artwork\Exports\Round.20.Sonoma-poster.jpg,C:\ArtGen\Artwork\Exports\Round.20.Sonoma-thumb.jpg,C:\ArtGen\Artwork\Exports\Round.20.Sonoma-banner.jpg,C:\ArtGen\Artwork\Exports\Round.20.Sonoma-square.jpg,C:\ArtGen\Artwork\Template\Poster\Backgrounds\Sonoma-00.png,C:\ArtGen\Artwork\Template\Poster\Race Logo\20-00.png,C:\ArtGen\Artwork\Template\Thumbnail\Backgrounds\Sonoma-00.png,C:\ArtGen\Artwork\Template\Square\Race Logos\20-00.png,C:\ArtGen\Artwork\Template\Banner\Track Logo\sonoma.png
21,Autotrader EchoPark Automotive 400,DOVER,C:\ArtGen\Artwork\Exports\Round.21.Dover-poster.jpg,C:\ArtGen\Artwork\Exports\Round.21.Dover-thumb.jpg,C:\ArtGen\Artwork\Exports\Round.21.Dover-banner.jpg,C:\ArtGen\Artwork\Exports\Round.21.Dover-square.jpg,C:\ArtGen\Artwork\Template\Poster\Backgrounds\Dover-00.png,C:\ArtGen\Artwork\Template\Poster\Race Logo\21-00.png,C:\ArtGen\Artwork\Template\Thumbnail\Backgrounds\Dover-00.png,C:\ArtGen\Artwork\Template\Square\Race Logos\21-00.png,C:\ArtGen\Artwork\Template\Banner\Track Logo\dover.png
22,Brickyard 400,INDIANAPOLIS,C:\ArtGen\Artwork\Exports\Round.22.Indianapolis-poster.jpg,C:\ArtGen\Artwork\Exports\Round.22.Indianapolis-thumb.jpg,C:\ArtGen\Artwork\Exports\Round.22.Indianapolis-banner.jpg,C:\ArtGen\Artwork\Exports\Round.22.Indianapolis-square.jpg,C:\ArtGen\Artwork\Template\Poster\Backgrounds\Indy-00.png,C:\ArtGen\Artwork\Template\Poster\Race Logo\22-00.png,C:\ArtGen\Artwork\Template\Thumbnail\Backgrounds\Indy-00.png,C:\ArtGen\Artwork\Template\Square\Race Logos\22-00.png,C:\ArtGen\Artwork\Template\Banner\Track Logo\indianapolis.png
23,Iowa Corn 350,IOWA,C:\ArtGen\Artwork\Exports\Round.23.Iowa-poster.jpg,C:\ArtGen\Artwork\Exports\Round.23.Iowa-thumb.jpg,C:\ArtGen\Artwork\Exports\Round.23.Iowa-banner.jpg,C:\ArtGen\Artwork\Exports\Round.23.Iowa-square.jpg,C:\ArtGen\Artwork\Template\Poster\Backgrounds\Iowa-00.png,C:\ArtGen\Artwork\Template\Poster\Race Logo\23-00.png,C:\ArtGen\Artwork\Template\Thumbnail\Backgrounds\Iowa-00.png,C:\ArtGen\Artwork\Template\Square\Race Logos\23-00.png,C:\ArtGen\Artwork\Template\Banner\Track Logo\iowa.png
24,Go bowling at the Glen,WATKINS GLEN,C:\ArtGen\Artwork\Exports\Round.24.Watkins.Glen-poster.jpg,C:\ArtGen\Artwork\Exports\Round.24.Watkins.Glen-thumb.jpg,C:\ArtGen\Artwork\Exports\Round.24.Watkins.Glen-banner.jpg,C:\ArtGen\Artwork\Exports\Round.24.Watkins.Glen-square.jpg,C:\ArtGen\Artwork\Template\Poster\Backgrounds\Watkinsglen-00.png,C:\ArtGen\Artwork\Template\Poster\Race Logo\24-00.png,C:\ArtGen\Artwork\Template\Thumbnail\Backgrounds\Watkinsglen-00.png,C:\ArtGen\Artwork\Template\Square\Race Logos\24-00.png,C:\ArtGen\Artwork\Template\Banner\Track Logo\watkinsglen.png
25,Cook Out 400,RICHMOND,C:\ArtGen\Artwork\Exports\Round.25.Richmond-poster.jpg,C:\ArtGen\Artwork\Exports\Round.25.Richmond-thumb.jpg,C:\ArtGen\Artwork\Exports\Round.25.Richmond-banner.jpg,C:\ArtGen\Artwork\Exports\Round.25.Richmond-square.jpg,C:\ArtGen\Artwork\Template\Poster\Backgrounds\Richmond-00.png,C:\ArtGen\Artwork\Template\Poster\Race Logo\25-00.png,C:\ArtGen\Artwork\Template\Thumbnail\Backgrounds\Richmond-00.png,C:\ArtGen\Artwork\Template\Square\Race Logos\25-00.png,C:\ArtGen\Artwork\Template\Banner\Track Logo\richmond.png
26,Coke Zero Sugar 400,DAYTONA,C:\ArtGen\Artwork\Exports\Round.26.Daytona-poster.jpg,C:\ArtGen\Artwork\Exports\Round.26.Daytona-thumb.jpg,C:\ArtGen\Artwork\Exports\Round.26.Daytona-banner.jpg,C:\ArtGen\Artwork\Exports\Round.26.Daytona-square.jpg,C:\ArtGen\Artwork\Template\Poster\Backgrounds\Daytona-02.png,C:\ArtGen\Artwork\Template\Poster\Race Logo\26-00.png,C:\ArtGen\Artwork\Template\Thumbnail\Backgrounds\Daytona-03.png,C:\ArtGen\Artwork\Template\Square\Race Logos\26-00.png,C:\ArtGen\Artwork\Template\Banner\Track Logo\daytona.png
27,Southern 500,DARLINGTON,C:\ArtGen\Artwork\Exports\Round.27.Darlington-poster.jpg,C:\ArtGen\Artwork\Exports\Round.27.Darlington-thumb.jpg,C:\ArtGen\Artwork\Exports\Round.27.Darlington-banner.jpg,C:\ArtGen\Artwork\Exports\Round.27.Darlington-square.jpg,C:\ArtGen\Artwork\Template\Poster\Backgrounds\Darlington-01.png,C:\ArtGen\Artwork\Template\Poster\Race Logo\27-00.png,C:\ArtGen\Artwork\Template\Thumbnail\Backgrounds\Darlington-01.png,C:\ArtGen\Artwork\Template\Square\Race Logos\27-00.png,C:\ArtGen\Artwork\Template\Banner\Track Logo\darlington.png
28,Enjoy Illinois 300,ST. LOUIS,C:\ArtGen\Artwork\Exports\Round.28.St.Louis-poster.jpg,C:\ArtGen\Artwork\Exports\Round.28.St.Louis-thumb.jpg,C:\ArtGen\Artwork\Exports\Round.28.St.Louis-banner.jpg,C:\ArtGen\Artwork\Exports\Round.28.St.Louis-square.jpg,C:\ArtGen\Artwork\Template\Poster\Backgrounds\Stlouis-00.png,C:\ArtGen\Artwork\Template\Poster\Race Logo\28-00.png,C:\ArtGen\Artwork\Template\Thumbnail\Backgrounds\Stlouis-00.png,C:\ArtGen\Artwork\Template\Square\Race Logos\28-00.png,C:\ArtGen\Artwork\Template\Banner\Track Logo\worldwidetech.png
29,Bass Pro Shops Night Race,BRISTOL,C:\ArtGen\Artwork\Exports\Round.29.Bristol-poster.jpg,C:\ArtGen\Artwork\Exports\Round.29.Bristol-thumb.jpg,C:\ArtGen\Artwork\Exports\Round.29.Bristol-banner.jpg,C:\ArtGen\Artwork\Exports\Round.29.Bristol-square.jpg,C:\ArtGen\Artwork\Template\Poster\Backgrounds\Bristol-01.png,C:\ArtGen\Artwork\Template\Poster\Race Logo\29-00.png,C:\ArtGen\Artwork\Template\Thumbnail\Backgrounds\Bristol-01.png,C:\ArtGen\Artwork\Template\Square\Race Logos\29-00.png,C:\ArtGen\Artwork\Template\Banner\Track Logo\bristol.png
30,USA Today 301,NEW HAMPSHIRE,C:\ArtGen\Artwork\Exports\Round.30.New.Hampshire-poster.jpg,C:\ArtGen\Artwork\Exports\Round.30.New.Hampshire-thumb.jpg,C:\ArtGen\Artwork\Exports\Round.30.New.Hampshire-banner.jpg,C:\ArtGen\Artwork\Exports\Round.30.New.Hampshire-square.jpg,C:\ArtGen\Artwork\Template\Poster\Backgrounds\Newhampshire-00.png,C:\ArtGen\Artwork\Template\Poster\Race Logo\30-00.png,C:\ArtGen\Artwork\Template\Thumbnail\Backgrounds\Newhampshire-00.png,C:\ArtGen\Artwork\Template\Square\Race Logos\30-00.png,C:\ArtGen\Artwork\Template\Banner\Track Logo\newhampshire.png
31,Hollywood Casino 400,KANSAS,C:\ArtGen\Artwork\Exports\Round.31.Kansas-poster.jpg,C:\ArtGen\Artwork\Exports\Round.31.Kansas-thumb.jpg,C:\ArtGen\Artwork\Exports\Round.31.Kansas-banner.jpg,C:\ArtGen\Artwork\Exports\Round.31.Kansas-square.jpg,C:\ArtGen\Artwork\Template\Poster\Backgrounds\Kansas-01.png,C:\ArtGen\Artwork\Template\Poster\Race Logo\31-00.png,C:\ArtGen\Artwork\Template\Thumbnail\Backgrounds\Kansas-01.png,C:\ArtGen\Artwork\Template\Square\Race Logos\31-00.png,C:\ArtGen\Artwork\Template\Banner\Track Logo\kansas.png
32,Bank of America ROVAL 400,CHARLOTTE ROVAL,C:\ArtGen\Artwork\Exports\Round.32.Charlotte.Roval-poster.jpg,C:\ArtGen\Artwork\Exports\Round.32.Charlotte.Roval-thumb.jpg,C:\ArtGen\Artwork\Exports\Round.32.Charlotte.Roval-banner.jpg,C:\ArtGen\Artwork\Exports\Round.32.Charlotte.Roval-square.jpg,C:\ArtGen\Artwork\Template\Poster\Backgrounds\Roval-00.png,C:\ArtGen\Artwork\Template\Poster\Race Logo\32-00.png,C:\ArtGen\Artwork\Template\Thumbnail\Backgrounds\Roval-00.png,C:\ArtGen\Artwork\Template\Square\Race Logos\32-00.png,C:\ArtGen\Artwork\Template\Banner\Track Logo\roval.png
33,South Point 400,LAS VEGAS,C:\ArtGen\Artwork\Exports\Round.33.Las.Vegas-poster.jpg,C:\ArtGen\Artwork\Exports\Round.33.Las.Vegas-thumb.jpg,C:\ArtGen\Artwork\Exports\Round.33.Las.Vegas-banner.jpg,C:\ArtGen\Artwork\Exports\Round.33.Las.Vegas-square.jpg,C:\ArtGen\Artwork\Template\Poster\Backgrounds\Lasvegas-01.png,C:\ArtGen\Artwork\Template\Poster\Race Logo\33-00.png,C:\ArtGen\Artwork\Template\Thumbnail\Backgrounds\Lasvegas-01.png,C:\ArtGen\Artwork\Template\Square\Race Logos\33-00.png,C:\ArtGen\Artwork\Template\Banner\Track Logo\lasvegas.png
34,Yellawood 500,TALLADEGA,C:\ArtGen\Artwork\Exports\Round.34.Talladega-poster.jpg,C:\ArtGen\Artwork\Exports\Round.34.Talladega-thumb.jpg,C:\ArtGen\Artwork\Exports\Round.34.Talladega-banner.jpg,C:\ArtGen\Artwork\Exports\Round.34.Talladega-square.jpg,C:\ArtGen\Artwork\Template\Poster\Backgrounds\Talladega-01.png,C:\ArtGen\Artwork\Template\Poster\Race Logo\34-00.png,C:\ArtGen\Artwork\Template\Thumbnail\Backgrounds\Talladega-01.png,C:\ArtGen\Artwork\Template\Square\Race Logos\34-00.png,C:\ArtGen\Artwork\Template\Banner\Track Logo\talladega.png
35,Xfinity 500,MARTINSVILLE,C:\ArtGen\Artwork\Exports\Round.35.Martinsville-poster.jpg,C:\ArtGen\Artwork\Exports\Round.35.Martinsville-thumb.jpg,C:\ArtGen\Artwork\Exports\Round.35.Martinsville-banner.jpg,C:\ArtGen\Artwork\Exports\Round.35.Martinsville-square.jpg,C:\ArtGen\Artwork\Template\Poster\Backgrounds\Martinsville-01.png,C:\ArtGen\Artwork\Template\Poster\Race Logo\35-00.png,C:\ArtGen\Artwork\Template\Thumbnail\Backgrounds\Martinsville-01.png,C:\ArtGen\Artwork\Template\Square\Race Logos\35-00.png,C:\ArtGen\Artwork\Template\Banner\Track Logo\martinsville.png
36,NASCAR Cup Series Championship,PHOENIX,C:\ArtGen\Artwork\Exports\Round.36.Phoenix-poster.jpg,C:\ArtGen\Artwork\Exports\Round.36.Phoenix-thumb.jpg,C:\ArtGen\Artwork\Exports\Round.36.Phoenix-banner.jpg,C:\ArtGen\Artwork\Exports\Round.36.Phoenix-square.jpg,C:\ArtGen\Artwork\Template\Poster\Backgrounds\Homestead-01.png,C:\ArtGen\Artwork\Template\Poster\Race Logo\36-00.png,C:\ArtGen\Artwork\Template\Thumbnail\Backgrounds\Homestead-01.png,C:\ArtGen\Artwork\Template\Square\Race Logos\36-00.png,C:\ArtGen\Artwork\Template\Banner\Track Logo\phoenix.png
